<?xml version="1.0" encoding="utf-8"?>
<Deployment xmlns="http://schemas.microsoft.com/windowsphone/2012/deployment" AppPlatformVersion="8.0">
  <DefaultLanguage xmlns="" code="en-US" />
  <App xmlns="" ProductID="{458B80E7-3F57-4E8C-BE68-D4CB4D6E7892}" Title="NativeBattery" RuntimeType="Silverlight" Version="1.0.0.0" Genre="apps.normal"  Author="Unity Technologies" Description="" Publisher="Unity Technologies" PublisherID="{36e0404a-2921-4b73-8632-3bf364496337}">
    <IconPath IsRelative="true" IsResource="false">Assets\ApplicationIcon.png</IconPath>
    <Capabilities>
      <Capability Name="ID_CAP_IDENTITY_DEVICE" />
      <Capability Name="ID_CAP_MEDIALIB_AUDIO"/>
      <Capability Name="ID_CAP_MEDIALIB_PLAYBACK"/>
      <Capability Name="ID_CAP_NETWORKING"/>
      <Capability Name="ID_CAP_SENSORS"/>
    </Capabilities>
    <Tasks>
      <DefaultTask Name="_default" NavigationPage="MainPage.xaml" />
    </Tasks>
    <Tokens>
      <PrimaryToken TokenID="NativeBatteryToken" TaskName="_default">
        <TemplateFlip>
          <SmallImageURI IsRelative="true" IsResource="false">Assets\Tiles\FlipCycleTileSmall.png</SmallImageURI>
          <Count>0</Count>
          <BackgroundImageURI IsRelative="true" IsResource="false">Assets\Tiles\FlipCycleTileMedium.png</BackgroundImageURI>
          <Title>NativeBattery</Title>
          <BackContent></BackContent>
          <BackBackgroundImageURI></BackBackgroundImageURI>
          <BackTitle></BackTitle>
          <DeviceLockImageURI></DeviceLockImageURI>
          <HasLarge></HasLarge>
        </TemplateFlip>
      </PrimaryToken>
    </Tokens>
    <ActivatableClasses>
        <InProcessServer>
            <Path>BridgeInterface.winmd</Path>
            <ActivatableClass ActivatableClassId="UnityEngineDelegates.IBridge" ThreadingModel="both" />
        </InProcessServer>
        <InProcessServer>
            <Path>WinRTBridge.dll</Path>
            <ActivatableClass ActivatableClassId="WinRTBridge.WinRTBridge" ThreadingModel="both" />
        </InProcessServer>
        <InProcessServer>
            <Path>UnityEngineProxy.dll</Path>
            <ActivatableClass ActivatableClassId="UnityEngineProxy.InternalCalls" ThreadingModel="both" />
        </InProcessServer>
        <InProcessServer>
            <Path>UnityPlayer.dll</Path>
            <ActivatableClass ActivatableClassId="UnityPlayer.UnityApp" ThreadingModel="both" />
        </InProcessServer>
    </ActivatableClasses>
    <ScreenResolutions>
      <ScreenResolution Name="ID_RESOLUTION_WVGA" />
      <ScreenResolution Name="ID_RESOLUTION_WXGA" />
      <ScreenResolution Name="ID_RESOLUTION_HD720P" />
    </ScreenResolutions>
    <!--<Requirements>
      <Requirement Name="ID_REQ_MEMORY_300" />
    </Requirements>-->
    <FunctionalCapabilities>
      <FunctionalCapability Name="ID_FUNCCAP_EXTEND_MEM" />
    </FunctionalCapabilities>
  </App>
</Deployment>